avg_monthly_hrs,department,filed_complaint,last_evaluation,n_projects,recently_promoted,salary,satisfaction,tenure,gender
221,engineering,0,0.932867640125,4,0,low,0.829896195856,5.0,M
232,support,0,0.7184766791763917,3,0,low,0.83454379486,2.0,M
184,sales,0,0.7888298419059999,3,0,medium,0.83498761146,3.0,F
206,sales,0,0.5756879305479999,4,0,low,0.42476428845499997,2.0,M
249,sales,0,0.8452174722229999,3,0,low,0.779043096207,3.0,M
140,sales,0,0.589097371097,4,0,medium,0.660019904653,4.0,M
121,sales,1,0.6253988297559999,3,0,low,0.8355705513320001,3.0,M
150,engineering,0,0.644585844252,4,0,low,0.7966833950409999,3.0,F
215,engineering,1,0.524113534303,3,0,medium,0.715005031778,7.0,M
269,support,0,0.909364329867,5,0,medium,0.994037397572,2.0,M
147,sales,0,0.7184766791763917,2,0,medium,0.403551807833,3.0,M
188,sales,1,0.925479635028,6,0,low,0.48140860191299994,5.0,M
191,support,0,0.946723810178,5,0,low,0.925337129205,4.0,F
290,engineering,0,0.770247874835,6,0,medium,0.09034279289930001,4.0,M
253,sales,0,0.579966136579,5,0,medium,0.627725954785,6.0,F
258,support,0,0.8375025132100001,5,0,medium,0.849667273388,5.0,F
151,engineering,0,0.452832173339,4,0,medium,0.658608148415,3.0,M
252,IT,0,0.9191962922210001,5,0,low,0.893364991385,5.0,F
276,product,0,0.570038733441,4,0,low,0.38226020148100004,2.0,F
154,marketing,0,0.7184766791763917,2,0,low,0.42222487368100003,3.0,F
259,product,0,0.763606785571,2,0,low,0.787468036595,3.0,F
136,marketing,0,0.7184766791763917,3,0,low,0.441057742416,3.0,M
176,IT,0,0.7184766791763917,3,0,low,0.871386303936,3.0,F
231,support,0,0.937508765506,4,0,medium,0.668369478474,3.0,M
109,sales,1,0.79806865971,3,0,low,0.5378283407,3.0,F
130,procurement,1,0.716030369805,6,0,low,0.17545398857,6.0,F
163,sales,0,0.550433958621,2,0,medium,0.544376725538,3.0,M
184,sales,0,0.762948071371,4,0,medium,0.61761099451,3.0,F
268,engineering,0,0.943844634761,3,0,low,0.936081051349,4.0,F
188,finance,0,0.862307681863,3,0,medium,1.0,4.0,F
107,engineering,0,0.474348552013,2,0,medium,0.615676166623,3.0,M
156,sales,0,0.621111081488,3,0,medium,0.428014178318,3.0,M
234,IT,1,0.8615650350660001,4,0,medium,0.627199942868,2.0,F
127,sales,0,0.7184766791763917,5,0,low,0.8343801414409999,3.0,F
282,IT,0,0.723354974146,5,0,medium,0.21399181926199998,3.0,F
133,sales,0,0.971212666951,3,0,low,0.8188199040199999,4.0,F
270,engineering,0,0.475292596644,6,0,low,0.150336701933,5.0,F
132,marketing,0,0.495013019585,2,0,low,0.438559831841,3.0,F
126,support,1,0.821486564704,3,0,low,0.772891198476,10.0,F
139,product,0,0.856088542854,4,0,medium,0.683456025422,3.0,F
308,engineering,0,0.863262837113,7,0,medium,0.12435022511299999,4.0,F
147,engineering,0,0.7184766791763917,2,0,low,0.401974706734,3.0,F
274,support,0,0.8423573127449999,5,0,medium,0.803068372458,6.0,M
278,sales,0,0.7662557761059999,7,0,low,0.148641753756,4.0,F
156,engineering,0,0.988904841707,4,0,medium,0.456248436343,2.0,F
185,sales,0,0.598749268628,4,0,low,0.869204283803,2.0,M
263,sales,0,0.744946770195,6,0,low,0.759619999861,6.0,M
260,sales,0,0.765783959048,5,0,low,0.7113291174519999,3.0,F
224,support,0,0.561019606401,5,0,medium,0.905668551956,2.0,F
224,sales,0,0.910270844185,4,0,medium,0.615978243951,10.0,M
135,sales,0,0.533361920913,2,0,low,0.388070140261,3.0,M
147,marketing,0,0.713746663503,2,0,low,0.967868020835,3.0,M
245,engineering,0,0.932526593689,7,0,medium,0.061173622746199995,4.0,M
203,product,1,0.49447927450900003,3,0,medium,0.49237655522600005,3.0,M
235,finance,1,0.73584977947,4,0,high,0.928861452039,2.0,M
187,IT,0,0.734682887881,3,0,low,0.213485171732,5.0,M
132,management,0,0.535231622309,2,0,low,0.42982208453000004,3.0,F
258,product,0,0.8137737730760001,7,0,low,0.14659318475400002,4.0,M
165,engineering,0,0.522047696785,4,0,low,0.851394379473,2.0,M
146,sales,0,0.531577278913,2,0,low,0.40195381894599996,3.0,M
198,engineering,0,0.749982470997,2,0,medium,0.5269607252449999,2.0,F
159,marketing,0,0.483106967958,2,0,low,0.43881926966000007,3.0,F
275,product,0,0.573595902184,2,0,low,0.8946585127779999,3.0,F
141,support,0,0.9324622172700001,3,0,medium,0.8107253215670001,3.0,M
173,finance,0,0.7184766791763917,4,0,low,0.862683386414,3.0,M
203,sales,0,0.586132024189,5,0,medium,0.7037557887379999,2.0,F
203,engineering,0,0.60609019318,4,0,low,0.274144973785,5.0,F
230,sales,0,0.801731335549,5,0,medium,0.129582617236,4.0,M
168,sales,0,0.589119714762,4,0,low,0.475901903919,2.0,F
183,IT,0,0.7161328456389999,3,0,low,0.786998508273,3.0,M
246,support,0,0.32841671516800003,5,0,medium,0.46155334875799997,3.0,F
209,engineering,0,0.707901456874,5,0,low,0.8315822395450001,3.0,F
224,sales,0,1.0,3,0,medium,0.527417463367,6.0,F
143,support,0,0.5832228237039999,2,0,low,0.477948490242,3.0,M
140,sales,0,0.999150412396,2,0,medium,0.503040551037,2.0,M
212,support,0,0.7890820210680001,3,0,low,0.725231676188,4.0,M
156,marketing,0,0.50256282621,3,0,low,0.6355032887100001,5.0,M
186,IT,0,0.859763957297,3,0,medium,0.72966753059,2.0,M
162,sales,0,0.502258814493,3,0,low,0.800482237797,3.0,F
158,support,0,0.543576313346,2,0,low,0.35252008265100004,3.0,M
156,sales,0,0.7184766791763917,3,0,low,0.549054592827,2.0,M
283,IT,0,0.7184766791763917,3,0,low,0.5500036519100001,3.0,M
214,IT,1,0.7184766791763917,4,0,low,0.96940778655,2.0,M
181,product,1,0.674893831177,3,0,medium,0.547941153654,3.0,M
140,support,0,0.8013227652580001,4,0,low,0.526745455356,3.0,M
184,engineering,0,0.918450089622,4,0,low,0.914882604937,3.0,M
168,sales,1,0.389626690049,3,0,low,0.394051564841,3.0,F
146,engineering,0,0.55743729675,2,0,medium,0.47110465860899997,3.0,M
251,engineering,0,0.871911091013,4,0,medium,0.69605347067,2.0,M
219,support,0,1.0,5,0,low,0.7345794152089999,5.0,M
170,product,0,0.5180136841480001,2,0,low,0.35208228555699994,3.0,F
187,marketing,0,0.680370266157,4,0,medium,0.1891154715,5.0,M
207,product,0,0.495033514598,3,0,medium,0.576405944943,3.0,M
165,support,0,0.598530648395,5,0,low,0.7695363808910001,3.0,M
139,engineering,0,0.7184766791763917,4,0,low,0.7718169921889999,3.0,M
165,support,0,0.838420070517,3,0,low,0.59824818897,4.0,F
167,engineering,0,0.625649373344,5,0,low,0.487113849919,2.0,F
163,sales,0,0.9277176671590001,4,0,medium,0.792414076414,3.0,M
271,IT,0,0.96930400526,6,0,low,0.172048602687,4.0,F
310,sales,0,0.8581791690270001,7,0,medium,0.14712496977,4.0,M
257,support,0,0.725018808946,4,0,low,0.7620304084749999,3.0,M
278,sales,0,0.862236739522,7,0,low,0.0979844302499,4.0,F
229,engineering,0,0.630154827545,3,0,medium,0.0815637410362,6.0,M
186,IT,0,0.560171575754,3,0,medium,0.7360631891859999,3.0,M
211,sales,0,0.947729025431,4,0,high,0.35597975138099996,7.0,M
248,management,0,0.7184766791763917,4,0,high,0.62362639988,3.0,M
231,management,1,0.7184766791763917,3,0,high,0.74538874343,2.0,M
266,sales,0,0.872041703232,3,0,low,0.6941903176809999,5.0,F
135,engineering,0,0.451192121989,2,0,low,0.39165185993900004,3.0,F
248,support,0,1.0,5,0,medium,0.700604105528,5.0,M
161,IT,0,0.7257235561579999,4,0,low,0.785723886722,3.0,M
212,product,0,0.872785533979,3,0,medium,0.531863130276,2.0,M
160,sales,0,0.8907127240180001,3,0,low,0.7617650303319999,2.0,F
268,engineering,0,0.797235381041,5,0,low,0.851411583712,3.0,M
116,sales,1,0.845078318802,4,0,low,0.30986864722199997,3.0,M
146,IT,0,0.500957306437,2,0,low,0.41123374914399996,3.0,M
215,IT,0,0.42169221611599994,6,0,medium,0.606946725712,3.0,F
194,sales,0,0.534309122293,5,0,high,0.9691907978030001,2.0,F
200,product,0,0.425131894498,5,0,medium,0.565407293567,4.0,F
213,sales,0,0.7704638243340001,3,0,high,0.543262177395,3.0,M
163,IT,0,0.905180515303,3,0,low,0.93331321955,2.0,M
148,sales,0,0.4730269242600001,2,0,low,0.443427763613,3.0,F
245,product,0,0.506201222856,2,0,medium,0.454911641867,5.0,F
250,support,0,0.873045465289,3,0,low,0.5534421048,2.0,M
250,sales,1,0.828825763738,5,0,low,0.8329556956280001,2.0,F
173,engineering,0,0.725963978215,2,0,medium,0.452392397848,2.0,M
248,sales,1,0.896942281485,4,0,low,0.741786835002,3.0,M
158,management,0,0.6355457358300001,5,0,medium,0.9562389338420001,3.0,M
196,support,0,0.840207778701,4,0,low,0.468987245804,2.0,F
265,procurement,0,0.626653131615,3,0,low,0.906159310018,8.0,M
159,engineering,0,0.8681210202140001,3,0,high,0.9612353993170001,3.0,M
262,sales,0,0.9077315488680001,5,0,medium,0.9724230583560001,3.0,M
175,sales,0,0.403619418352,3,0,medium,0.2846772958,3.0,F
278,sales,0,0.7778811669,7,0,low,0.11472468691299999,4.0,F
248,sales,0,0.859383829667,5,0,low,0.933486376879,5.0,M
275,product,0,0.524095060049,3,0,low,0.63172969046,2.0,F
258,support,0,0.866158286663,5,0,low,0.293123234813,6.0,F
253,engineering,0,1.0,5,0,medium,0.852952125868,5.0,F
165,support,0,0.643410636607,4,0,low,0.16155364248600002,5.0,F
269,support,1,0.7673690699250001,3,0,medium,0.248522034985,4.0,F
148,finance,0,0.538478484226,2,0,medium,0.467529517276,3.0,M
156,sales,1,0.950282237768,4,0,low,0.672060063083,2.0,M
274,sales,1,0.811500420662,4,0,low,0.839058813805,2.0,F
196,support,1,1.0,3,0,low,0.7055853587180001,6.0,F
146,engineering,1,0.358995978401,3,0,low,0.6231064824970001,4.0,F
274,sales,0,0.48990481118600004,2,0,low,0.666894021832,4.0,F
139,marketing,0,0.519776982615,2,0,low,0.372463409943,3.0,F
132,product,0,0.437142715501,4,0,high,0.6312002898,3.0,F
231,IT,1,0.6155106313359999,5,0,medium,0.237030559811,4.0,F
254,sales,0,0.547034374298,4,0,low,0.50542191225,4.0,F
189,admin,0,0.539467271436,4,0,low,0.831444386447,4.0,M
104,support,0,0.7891253512559999,5,0,low,0.780337175913,4.0,F
254,marketing,0,0.8708564231899999,4,0,low,0.829745630485,5.0,F
253,sales,0,0.557354737359,5,0,medium,0.729650605495,6.0,F
170,sales,0,0.661489034844,2,0,low,0.48690010474,8.0,F
195,sales,0,0.6909413383930001,3,0,medium,0.87212292845,3.0,F
255,management,0,0.560749082033,5,0,medium,0.79270387677,4.0,F
194,engineering,0,0.8649809478849999,4,0,medium,0.547342771376,2.0,M
260,IT,0,0.879114107825,5,0,low,0.78934688115,5.0,F
212,finance,1,0.42001828530100005,4,0,low,0.371534723609,2.0,M
219,marketing,0,0.7184766791763917,5,0,medium,0.933851070889,2.0,M
187,management,0,0.9602857150390001,4,0,high,0.681413302736,3.0,F
281,sales,0,0.5319367588699999,4,0,medium,0.190744825973,7.0,M
163,IT,0,0.6159380740829999,4,0,low,0.947393875335,5.0,M
155,engineering,0,0.897609838916,3,0,medium,0.946144709958,3.0,M
208,management,0,0.602807580192,4,1,high,0.894854282967,7.0,M
280,sales,0,0.9487579819580001,6,0,low,0.15219272264,4.0,F
137,sales,0,0.8747940390160001,3,0,low,1.0,3.0,M
242,IT,0,0.9314667165639999,4,0,medium,0.635757610027,2.0,M
229,sales,0,0.6679889957590001,2,0,low,0.893746528107,4.0,M
269,sales,0,0.874320460481,6,0,low,0.041301712235199996,4.0,M
153,support,0,0.588430038133,5,0,low,0.5463948579919999,4.0,M
233,support,0,0.543301856706,4,0,low,0.581044902784,4.0,F
275,support,0,0.39608459497599996,3,0,low,0.21891461663000003,5.0,M
179,support,0,0.568593436749,3,0,low,0.716163504506,4.0,M
195,engineering,0,0.8362479055159999,5,0,low,0.7833914467380001,4.0,F
206,marketing,0,0.5820628938369999,2,0,low,0.7847315074310001,2.0,M
239,product,0,0.9193735912809999,4,0,low,0.829871872261,5.0,F
208,IT,1,0.816689813888,4,0,low,0.8343786753139999,3.0,F
150,engineering,0,0.676225844419,3,0,medium,0.29292957209000003,2.0,F
219,engineering,0,0.7184766791763917,4,0,low,0.8738126953380001,3.0,F
172,sales,0,0.7184766791763917,5,0,low,0.326353372,2.0,M
201,finance,0,0.7256709052,3,0,medium,0.7502317842370001,4.0,M
222,sales,0,0.9648475789200001,5,1,medium,0.8898269772290001,3.0,M
228,sales,0,1.0,2,0,low,0.24817499443500002,3.0,M
146,marketing,0,0.5055583083290001,2,0,low,0.42032739552000004,3.0,F
219,support,0,0.8857658498909999,6,0,low,0.294741730228,5.0,M
257,engineering,0,0.831322416354,5,0,medium,0.9952780066050001,4.0,M
124,sales,0,0.640118804888,3,0,medium,0.6387388560939999,3.0,M
129,support,0,0.402660372147,2,0,medium,0.437359473406,3.0,M
259,product,0,0.809302269938,3,0,high,0.463828673864,2.0,M
142,support,0,0.5551120826389999,3,0,low,0.6829877660079999,3.0,F
239,sales,0,0.915881388935,4,0,low,0.8821381383419999,5.0,M
152,support,0,0.6198230182109999,2,0,low,0.524761712733,3.0,F
248,sales,0,0.672234590766,3,0,medium,0.718742747149,4.0,M
111,sales,0,0.983301705142,4,0,high,0.834831795068,2.0,M
180,sales,0,0.557827629141,4,0,high,0.9468730686110001,5.0,F
221,support,0,0.885106065506,5,0,medium,0.7943403935719999,6.0,F
237,support,0,0.443884581204,2,0,low,0.530736920966,2.0,F
213,sales,0,0.700835509526,4,0,low,0.776922012617,3.0,F
160,sales,0,0.501879663683,2,0,low,0.497401977891,3.0,F
255,sales,0,0.668790393369,4,0,medium,0.911823500862,2.0,F
288,support,0,0.957495482591,6,0,medium,0.0684883801632,4.0,M
258,management,0,0.781828644136,4,0,high,0.703745934075,3.0,M
199,sales,0,0.811335750297,4,0,low,0.73722932302,2.0,F
256,support,0,0.407778538729,3,0,medium,0.633255105806,6.0,M
305,finance,0,0.8456054265199999,6,0,medium,0.10288246975299999,4.0,F
185,support,0,0.9214362021250001,5,0,low,0.567765322294,2.0,M
185,IT,0,0.662768618144,4,0,medium,0.573997861748,2.0,M
211,IT,0,0.606593988288,3,0,low,0.579431608043,3.0,F
283,engineering,1,0.8343318859280001,6,0,low,0.12789746509199998,4.0,M
138,engineering,0,0.8563437232660001,5,0,low,0.62338956765,3.0,M
143,support,0,0.7727856555439999,4,0,medium,0.8297613413789999,3.0,M
134,sales,0,0.7184766791763917,3,0,medium,0.451961289545,3.0,F
234,marketing,0,0.7184766791763917,3,0,medium,0.7293273438210001,2.0,M
258,engineering,0,0.935780677261,4,0,medium,0.9644259819859999,5.0,F
166,sales,0,0.575457056316,3,0,medium,0.921557036258,3.0,M
260,IT,0,0.81230399818,6,0,medium,0.0448441086422,4.0,F
176,sales,0,0.43021450090700003,4,0,low,0.319175890928,2.0,M
153,product,0,0.470466922695,2,0,low,0.40864071379699995,3.0,M
154,marketing,0,0.547320381543,2,0,low,0.341206158147,3.0,M
291,engineering,0,0.9378307491069999,5,0,low,0.15214375132000002,4.0,M
273,marketing,1,0.654988147166,6,0,medium,0.743338094254,4.0,M
140,engineering,0,0.608738572701,4,0,high,0.557744023951,3.0,M
240,IT,0,0.896967279224,5,0,medium,0.938703313591,5.0,F
236,sales,0,0.587849956416,4,0,low,0.794786308325,4.0,F
242,management,0,0.918022858871,4,0,medium,0.6610077882590001,2.0,F
171,admin,0,0.722839486389,4,0,medium,0.91059838192,4.0,M
150,support,0,0.8745131920649999,4,0,high,0.48075307018299995,2.0,F
152,product,0,0.439785251448,2,0,low,0.340777989177,3.0,M
182,engineering,0,0.7471058431090001,3,0,low,0.8553621853810001,4.0,F
133,engineering,0,0.80989076183,4,1,medium,0.7476996516969999,3.0,F
230,sales,1,0.6839407399580001,3,0,medium,0.587527383433,3.0,F
251,sales,0,0.523232109564,3,0,low,0.529079006159,2.0,M
225,sales,0,0.688970081967,5,0,medium,0.691658302376,7.0,M
164,engineering,0,0.914324282314,5,0,low,0.679091975677,3.0,F
211,sales,0,0.881951254586,3,0,medium,0.8072933070199999,3.0,M
162,sales,0,0.797551376616,3,0,medium,0.809674388378,3.0,M
132,engineering,0,0.626425378119,4,0,medium,0.567430425777,4.0,M
149,sales,0,0.492048066452,2,0,low,0.400385078683,3.0,F
251,engineering,0,0.7354763225959999,6,0,low,0.837665155159,4.0,M
158,IT,0,0.546333237781,2,0,low,0.391486853786,3.0,F
229,support,0,0.669369532442,6,0,medium,0.5132895798279999,3.0,F
272,engineering,0,0.7826241315620001,6,0,low,0.0567964616846,4.0,F
195,engineering,1,0.946932049647,4,0,medium,0.469174880431,3.0,M
305,engineering,0,0.9325777112279999,6,0,low,0.149254770899,4.0,M
232,sales,0,0.7156951369140001,4,0,medium,0.797199338504,3.0,F
241,engineering,0,0.695768463336,4,0,high,0.8747335190200001,3.0,M
183,management,0,0.558828547727,2,0,medium,0.322313897127,2.0,M
135,IT,0,0.755850361895,4,1,medium,0.8022988363429999,3.0,F
193,admin,0,0.7184766791763917,3,0,medium,1.0,3.0,F
120,finance,1,0.465232047598,3,0,medium,0.5606164695310001,6.0,F
145,support,0,0.460142187271,2,0,low,0.394719458297,3.0,F
126,sales,0,0.934856574794,5,0,medium,0.6284270047380001,5.0,M
243,support,0,1.0,5,0,medium,0.763318737312,5.0,M
252,IT,0,0.927306095976,4,0,low,0.549252851179,4.0,F
171,support,0,0.5925676118159999,3,0,medium,0.584325275099,3.0,F
223,sales,0,0.872945547931,3,0,high,0.679167196788,7.0,M
201,support,1,0.810456446752,4,0,low,0.8483227799969999,2.0,F
261,IT,0,0.7871462656370001,4,0,medium,0.8652719597930001,2.0,F
298,IT,0,0.8552776039219999,5,0,low,0.141536431451,4.0,F
161,management,0,0.542174831164,4,1,medium,0.6733970277429999,7.0,M
134,procurement,0,0.6972512154359999,5,0,medium,0.720455911032,3.0,F
103,product,0,0.918905310203,5,0,low,0.727818115909,5.0,F
227,engineering,0,0.8875579213079999,3,0,low,0.537563301906,2.0,F
127,sales,0,0.587762987371,2,0,low,0.42999820734099997,3.0,M
204,engineering,0,0.508272946753,4,0,high,0.576594974244,3.0,F
145,finance,0,0.809748292279,6,0,medium,0.708500810514,3.0,F
243,engineering,0,0.978247937409,5,0,medium,0.591558862936,2.0,F
186,IT,0,0.482528933636,3,0,medium,0.728936841503,3.0,F
185,sales,1,0.8205443095939999,6,0,high,1.0,4.0,M
267,management,0,0.8043829985079999,3,0,high,0.46417577218999995,2.0,F
225,finance,0,0.484329206635,5,0,high,0.842398847393,2.0,F
170,IT,0,0.324238730989,3,0,low,0.7047816416789999,6.0,M
115,sales,0,0.667318626586,2,0,high,0.454341666269,3.0,M
154,IT,0,0.619474228566,2,0,low,0.438450195343,3.0,F
173,engineering,1,0.535500740968,4,0,low,0.824315564301,2.0,M
226,support,0,0.648106699752,5,0,medium,0.193505896331,3.0,F
229,sales,0,0.7600909213529999,4,0,low,0.522014217515,3.0,F
134,IT,0,0.774788809286,4,0,low,0.55317058592,2.0,F
240,support,0,1.0,5,0,low,0.8492929647390001,5.0,M
191,engineering,0,0.6177688359100001,4,0,low,0.9252288594779999,2.0,F
271,sales,0,0.945908852213,5,0,low,0.846959030932,5.0,F
269,finance,0,0.9312316421619999,7,0,medium,0.14109166389799999,4.0,M
139,engineering,0,0.536879417045,2,0,low,0.508276429481,3.0,M
271,finance,0,0.878855357632,3,0,medium,0.7794467734430001,2.0,M
145,support,1,0.849128710323,3,0,medium,0.870789581504,3.0,F
304,engineering,0,0.788649513595,6,0,medium,0.0559878635989,5.0,F
135,support,0,0.8201261566660001,5,0,low,0.7434883965610001,2.0,F
246,IT,0,0.838646296595,4,0,high,0.49385685938600005,3.0,M
267,sales,0,0.9178100919259999,6,0,medium,0.5510032823759999,4.0,M
177,engineering,0,1.0,3,0,medium,0.812509060991,2.0,M
254,support,0,0.600515546403,3,0,high,0.876948221628,2.0,M
155,sales,0,0.7184766791763917,2,0,low,0.175041589359,3.0,M
147,marketing,0,0.473579261219,2,0,low,0.38642145063,3.0,F
244,IT,0,0.673256352795,4,0,medium,0.663379466863,2.0,M
250,sales,1,0.7184766791763917,5,0,medium,0.759685040151,3.0,F
180,engineering,0,0.933865141084,5,0,high,0.640398816094,2.0,F
251,engineering,0,1.0,4,0,low,0.925448859905,6.0,F
271,sales,0,0.981718432375,3,0,low,0.828495420491,3.0,F
198,engineering,0,0.369245007225,2,0,medium,0.282134077183,4.0,F
135,marketing,1,0.98027602669,5,0,low,0.7344459912669999,4.0,M
203,engineering,0,0.821040210255,5,0,low,0.938134350653,3.0,M
287,IT,0,0.497424602116,3,0,low,0.5342081888019999,5.0,M
238,engineering,0,0.6871632812,3,0,medium,0.8203444661229999,2.0,F
160,support,0,0.6517458642939999,3,0,medium,0.78066811989,3.0,M
192,sales,0,0.613536810858,2,0,low,0.812356586054,2.0,M
258,product,0,0.7184766791763917,3,0,medium,0.6920471823379999,3.0,F
240,IT,0,0.7516134747,5,0,medium,0.7519483717829999,4.0,F
221,sales,0,1.0,5,0,medium,0.9289149766629999,6.0,M
138,sales,1,0.493111693732,3,0,low,0.644223235839,2.0,M
188,sales,0,0.8161587885070001,2,0,low,0.9054105853,2.0,F
289,support,0,0.935601244497,6,0,medium,0.177665057968,5.0,M
197,sales,0,0.9513717295469999,4,0,medium,0.941884497172,3.0,F
231,sales,0,0.8897754265019999,4,0,low,0.194289584474,5.0,F
153,sales,1,0.501209657783,2,0,low,0.44417000952,3.0,M
128,sales,0,0.478650944652,2,0,medium,0.49834764144500004,3.0,F
149,admin,0,0.505404539268,2,0,low,0.45183195486500005,3.0,M
185,sales,0,0.7184766791763917,3,0,low,0.568078977354,2.0,F
229,engineering,0,0.585766859694,5,0,medium,0.7310817179350001,3.0,F
128,engineering,0,0.54255291766,2,0,low,0.41488772417400005,3.0,F
241,sales,0,0.7596782311429999,5,0,high,0.595920716127,3.0,F
247,engineering,0,0.843420422913,4,0,low,0.813121979448,6.0,F
269,support,0,0.76610731867,3,0,medium,0.7888123763349999,2.0,M
229,sales,0,0.41197948711800003,5,0,low,0.11074404939200001,4.0,M
188,engineering,0,0.5473150720800001,3,0,high,0.521734232,3.0,M
212,sales,0,0.9711870644249999,4,0,low,0.808803770087,2.0,M
252,support,0,0.7184766791763917,3,0,medium,0.7837149777269999,3.0,F
222,sales,0,0.7184766791763917,5,0,low,0.9472664810760001,2.0,F
270,sales,0,0.992404549414,5,0,low,0.8818723075630001,5.0,F
183,marketing,0,0.5488524843479999,4,0,low,0.644169889117,3.0,F
163,marketing,0,0.630924087211,5,0,medium,0.62182321333,4.0,F
207,sales,0,0.5242605248650001,4,0,low,0.20736694537500003,5.0,F
234,sales,1,0.6792221784370001,3,0,high,0.6973816049580001,3.0,M
121,sales,0,0.6760537474339999,3,0,low,0.351328514436,2.0,M
131,engineering,1,0.798732639747,3,0,low,0.270826972637,5.0,M
160,sales,0,0.508931775867,2,0,low,0.407259340993,3.0,M
207,engineering,0,0.9715178740829999,3,0,low,0.620397287624,10.0,M
224,engineering,0,1.0,4,0,medium,0.833914798047,5.0,M
132,procurement,0,0.485557419301,2,0,low,0.445788774149,3.0,F
139,sales,0,1.0,5,0,medium,0.60631512938,2.0,F
192,engineering,1,0.557127093942,5,0,low,0.8338120036910001,3.0,M
167,IT,1,0.786409373645,4,0,medium,0.9565168332009999,3.0,M
265,finance,0,0.477688571978,3,0,low,0.5489083188589999,3.0,F
259,product,0,0.97294023244,5,0,low,0.780662176573,6.0,M
194,engineering,0,0.7414815162080001,5,0,low,0.759352064236,4.0,M
207,marketing,0,0.599513317726,3,0,medium,0.693813142043,3.0,F
262,engineering,1,0.885969619842,6,0,low,0.06729925519180001,5.0,F
181,product,1,0.674986055687,3,0,medium,0.511395224583,3.0,F
134,support,0,0.973904455923,4,0,medium,0.612973586985,3.0,M
129,IT,0,0.7184766791763917,2,0,low,0.347964564827,3.0,M
220,engineering,0,1.0,5,0,low,0.738592455354,5.0,M
156,support,1,0.620626613476,3,0,low,0.6877388623720001,6.0,F
211,support,0,0.926502829302,3,0,medium,0.765325192404,3.0,F
136,sales,0,0.9409616807340001,5,0,low,0.9546772527959999,4.0,F
132,engineering,0,0.5202955334780001,2,0,medium,0.374531038617,3.0,M
268,finance,1,0.8869702340569999,6,0,medium,0.41027127804799995,4.0,M
156,sales,0,0.734374756702,3,0,medium,0.962208333757,3.0,M
272,sales,0,0.956014645106,5,0,low,0.8399776289830001,5.0,F
265,admin,0,0.7184766791763917,4,0,low,0.509272071206,3.0,F
154,finance,0,0.462849878443,2,0,medium,0.435522751335,3.0,M
230,management,0,0.757360870123,5,0,high,0.669176180824,10.0,F
186,support,1,0.765095163347,5,0,medium,0.296412232556,4.0,M
129,support,0,0.7184766791763917,2,0,medium,0.441719407143,3.0,F
155,sales,0,0.7184766791763917,2,0,low,0.445411196705,3.0,F
129,support,0,0.6654892135189999,6,0,low,0.440123424369,5.0,F
147,management,1,0.6124439642689999,2,0,low,0.489455675292,3.0,M
159,sales,0,0.563007969466,2,0,low,0.43355586779399996,3.0,F
161,IT,0,0.66901631851,4,0,medium,0.559236788256,2.0,F
163,engineering,0,0.545444024774,6,0,low,0.655196422234,6.0,M
137,IT,0,0.54321728853,2,0,medium,0.442070474341,3.0,M
204,marketing,0,0.7184766791763917,3,0,medium,0.564413213518,2.0,M
257,marketing,0,0.7184766791763917,3,0,low,0.854874525063,2.0,F
178,sales,0,0.5552182789060001,2,0,low,0.327027198377,3.0,M
239,support,0,0.9164964420819999,5,0,low,0.913425234977,3.0,M
186,management,0,0.8847722694939999,4,1,medium,0.526487652834,7.0,F
267,support,0,0.828781202433,5,0,low,0.7898162332430001,5.0,F
148,admin,0,0.7773139039,4,0,medium,0.814206237503,3.0,F
264,finance,0,0.976640447958,5,1,high,0.560092557738,8.0,F
139,support,0,0.592461610984,6,0,high,0.19854463628,4.0,M
151,engineering,0,0.752473954741,2,0,low,0.358688143909,4.0,F
198,engineering,0,0.43732493696099994,2,0,medium,0.327954965918,4.0,M
263,support,1,0.9379105509919999,4,0,medium,0.932798296428,3.0,F
272,sales,0,0.736919064682,5,0,low,0.299793504704,2.0,F
265,IT,0,0.732453524493,3,0,medium,0.556060518858,3.0,F
220,sales,0,0.7856684084990001,3,0,low,0.704924400191,3.0,F
250,marketing,0,0.922390811301,6,0,medium,0.815233737977,2.0,M
140,support,0,0.463615317345,2,0,low,0.390742693491,3.0,M
209,support,1,0.657307554357,3,0,low,0.9589349776649999,2.0,M
217,support,0,0.8173893443119999,4,0,medium,0.745302345222,6.0,M
186,sales,0,0.617404416672,4,0,medium,0.7120368191590001,2.0,F
263,marketing,0,0.830448351344,3,0,medium,0.345651998642,3.0,M
172,sales,0,0.9255263519850001,5,0,low,0.29415106539,2.0,M
233,support,0,0.8372296952060001,5,0,low,0.629526156365,3.0,F
204,finance,0,0.812852228107,3,0,medium,0.608494054036,10.0,F
203,finance,0,0.8726230131620001,3,0,high,0.889926517613,3.0,M
198,management,0,0.672337212237,4,0,medium,0.540863181549,2.0,F
266,sales,0,0.8592754507260001,4,0,high,0.7315329809919999,3.0,F
252,engineering,1,0.579733713974,4,0,medium,0.7289602840970001,2.0,M
141,sales,1,0.500763297904,2,0,low,0.42338124219499995,3.0,M
161,IT,0,0.951272715524,5,0,medium,0.25266019493,5.0,F
118,support,0,0.48034813468099996,5,0,low,0.880059476552,3.0,M
264,engineering,0,0.534847059678,5,0,medium,0.8341784852869999,3.0,F
130,engineering,0,0.45948622340499995,2,0,low,0.38893624938199994,3.0,F
241,engineering,1,0.766831041908,4,0,low,0.550338350713,3.0,M
185,finance,0,0.938822236438,3,0,medium,0.71035392892,4.0,M
231,marketing,0,0.901877325737,5,0,medium,0.993827688372,2.0,F
245,engineering,0,0.8742388151809999,5,0,low,0.48162975127700003,2.0,F
218,support,0,0.5766832328679999,3,0,medium,0.7849487486669999,2.0,F
277,IT,0,1.0,2,0,medium,0.7553698254800001,3.0,F
182,sales,0,0.8772071151999999,3,0,low,1.0,4.0,M
158,sales,0,0.617175992008,2,0,low,0.39398947942,3.0,M
269,engineering,0,0.8255297833830001,4,0,medium,0.568072659317,2.0,M
212,support,0,0.756099668981,4,0,low,0.909445527445,3.0,M
166,finance,0,0.6771021075939999,3,0,medium,0.9919391609579999,2.0,M
252,sales,0,0.676955843224,2,0,low,0.8955070094259999,2.0,F
175,engineering,0,0.714006363661,4,0,low,0.685264500606,4.0,F
224,sales,0,0.749671969753,4,0,low,0.8016035214659999,3.0,F
141,engineering,0,0.633044129203,2,0,medium,0.6522886251009999,3.0,F
150,finance,0,0.8584723908159999,4,0,medium,0.704017820423,2.0,F
226,sales,0,0.779539008211,3,0,medium,0.692763621027,4.0,F
156,sales,0,0.522903511792,4,0,high,0.888119451901,4.0,F
157,engineering,0,0.88178816703,4,0,medium,0.9851828070049999,3.0,F
280,IT,0,0.841445493203,5,0,low,0.21976993871,4.0,M
240,sales,0,0.5083205857190001,5,0,medium,0.7072502349950001,2.0,M
225,sales,0,0.953944816874,5,0,high,0.881812728433,4.0,M
242,sales,0,0.482354850262,5,0,medium,0.825347734956,3.0,F
151,admin,1,0.799742166654,3,0,low,0.81071342626,3.0,F
212,sales,0,0.7590583211480001,4,0,low,0.9663348709440001,3.0,M
231,sales,0,0.536428499745,6,0,low,0.255404870986,4.0,F
252,engineering,0,0.9738010456180001,3,0,medium,0.726406091806,3.0,F
234,support,0,0.7184766791763917,3,0,medium,0.9270169750309999,2.0,M
220,management,1,0.671339562817,4,0,high,0.585283570661,3.0,F
285,support,0,0.7184766791763917,2,0,medium,0.8218128066310001,2.0,F
265,sales,0,0.8740971289560001,4,0,low,0.880217631242,6.0,F
210,engineering,0,0.7335676443889999,5,0,medium,0.541301166152,5.0,F
265,engineering,0,0.9231051140880001,4,0,medium,0.633758892793,4.0,M
179,support,0,0.8079707507420001,5,0,low,0.358591772074,5.0,F
253,sales,0,0.592396977376,3,0,medium,0.841573521744,2.0,M
260,sales,1,0.602434044449,4,0,low,0.680816423649,2.0,F
128,management,0,0.48756052636200004,2,0,low,0.35837598938799997,3.0,M
135,finance,0,0.7184766791763917,4,0,medium,0.562978305234,3.0,M
228,support,1,0.9027109367,5,0,low,0.908655138227,5.0,F
153,sales,1,0.6754566649179999,4,0,low,0.639945044038,3.0,F
244,sales,0,0.8071187832610001,5,0,low,0.730152266539,6.0,F
157,sales,0,0.503556241685,2,0,low,0.328296701973,3.0,M
243,sales,0,1.0,5,0,medium,0.872868993416,6.0,M
261,IT,0,0.697879092332,3,0,medium,0.641698315299,2.0,M
183,sales,0,0.7184766791763917,3,0,low,0.49107135065499996,3.0,M
152,product,0,0.555577027903,2,0,medium,0.5002593318140001,3.0,F
291,product,0,0.876972626063,6,0,low,0.0668486166213,4.0,M
139,IT,0,0.7855270908399999,3,0,medium,1.0,2.0,M
139,IT,1,0.7184766791763917,4,0,low,0.728042269217,3.0,F
141,sales,0,0.5067795788889999,4,0,low,0.85473409755,3.0,M
193,sales,0,0.408254955106,3,0,medium,0.5737698650990001,6.0,F
225,engineering,0,0.697944783338,5,0,low,0.6074978657819999,4.0,F
241,finance,0,0.914925387633,4,0,medium,0.673054984939,4.0,F
238,management,1,0.7184766791763917,4,0,low,0.865159534196,3.0,M
158,engineering,0,0.7184766791763917,3,0,low,0.773133821022,2.0,M
204,finance,1,0.945769929192,4,0,low,0.258896490893,4.0,M
155,support,0,0.986776503028,3,0,medium,0.600471560471,3.0,M
106,finance,0,0.765561984218,3,0,low,0.568422231541,2.0,M
240,support,0,0.745249514767,3,0,medium,0.528644856261,3.0,M
189,marketing,0,0.5080589335019999,6,0,medium,0.218737624415,4.0,M
129,IT,0,0.7184766791763917,2,0,medium,0.35647562427699997,3.0,M
141,sales,0,0.995470366873,3,0,low,0.9301151300489999,3.0,M
188,support,1,0.973730587949,3,0,medium,0.964416801364,3.0,F
150,product,0,0.914047052325,4,0,low,0.723210966881,2.0,M
146,support,0,0.6438654497249999,5,0,low,0.761153325259,3.0,M
261,sales,0,0.7481306185259999,4,0,high,0.7625972939010001,3.0,M
255,engineering,0,0.6311588557100001,2,0,low,0.693183067164,3.0,F
182,engineering,0,0.569214514214,3,0,medium,0.753154881614,2.0,M
193,engineering,0,0.5914076430749999,3,0,low,0.23743806563499997,2.0,M
215,sales,0,0.7706425977,6,0,medium,0.835060684466,5.0,M
261,sales,0,0.857788895916,5,0,low,0.8023073484190001,5.0,F
265,product,0,0.7993017491969999,3,0,medium,0.896606449497,3.0,F
262,sales,0,0.8909312961370001,5,0,medium,0.8314628634100001,6.0,F
220,sales,1,0.9406214268970001,4,1,medium,0.647585757651,3.0,M
174,sales,1,0.529640673863,5,0,medium,0.543303928228,3.0,F
155,sales,0,0.332260604202,5,0,low,0.9837923012440001,3.0,F
211,product,0,0.990660014549,3,0,low,0.883764843301,2.0,M
278,IT,0,1.0,3,0,medium,0.16477188152,4.0,M
210,support,0,0.7184766791763917,3,0,low,0.999704168866,2.0,F
131,product,0,0.536087746199,2,0,medium,0.35226893091399997,3.0,F
222,product,0,0.914559426862,5,0,low,0.894390055404,6.0,F
128,sales,0,0.44208521832599995,2,0,low,0.404639982416,3.0,M
139,support,0,0.9620975355079999,5,0,medium,1.0,3.0,F
309,support,0,0.885048697881,6,0,low,0.053646166759900006,4.0,F
201,sales,1,0.60589159883,4,0,medium,0.921800048311,2.0,M
253,sales,0,0.496684423091,2,0,low,0.658839774438,3.0,F
260,product,0,0.776830420156,4,0,medium,0.906327973324,3.0,F
143,support,0,0.772990072863,3,0,low,0.992910230543,3.0,M
140,support,0,0.595628937274,5,0,high,0.476181754796,3.0,F
160,finance,0,0.591196589023,2,0,low,0.418741311669,3.0,F
157,finance,0,0.8096093703489999,3,0,low,0.6480900982100001,2.0,F
145,management,0,0.874779009613,5,0,low,0.208233672194,3.0,M
255,IT,0,0.93197879816,5,0,medium,0.58913949002,2.0,F
153,finance,0,0.7184766791763917,2,0,low,0.35623203103900003,3.0,M
309,engineering,0,0.894419760217,7,0,low,0.123986731512,4.0,F
145,IT,0,0.538776383653,2,0,low,0.33669025668700003,3.0,F
150,finance,0,0.7184766791763917,4,0,high,0.876746677668,3.0,M
280,product,0,0.9328697568019999,6,0,medium,0.061677663082,4.0,M
255,product,1,0.556559402036,3,0,medium,0.212539201582,3.0,F
248,sales,0,0.873771368858,4,0,low,0.9802769252949999,2.0,M
254,support,0,0.9167960165860001,5,0,low,0.6739606752609999,2.0,F
209,product,0,0.8295167404359999,3,0,high,0.930120036671,2.0,M
120,engineering,0,0.36210618170500003,3,0,low,0.466077704472,6.0,M
196,admin,0,0.7184766791763917,3,0,low,0.8098311370640001,3.0,F
290,support,0,0.877736903163,6,0,low,0.0666138708532,4.0,M
267,support,0,0.456536952554,4,0,high,0.132549025865,6.0,M
161,engineering,0,0.521825566088,5,0,high,0.629335251647,5.0,F
156,engineering,0,0.42700130888800003,2,0,low,0.49428522236199995,3.0,F
174,sales,0,0.776421772228,3,0,medium,0.8649165529389999,3.0,F
259,support,0,0.761654213187,3,0,medium,0.665207240174,3.0,F
124,sales,0,0.549301938217,2,0,low,0.267521888703,3.0,M
160,support,0,0.516661223261,2,0,medium,0.41645411992,3.0,F
284,sales,0,0.875487842189,6,0,medium,0.11288731641899999,4.0,M
151,support,1,0.974108746691,5,0,low,0.16377484022,3.0,F
192,support,0,0.7184766791763917,2,0,medium,0.7365560306000001,3.0,F
210,engineering,1,1.0,5,0,low,1.0,6.0,M
148,support,0,0.7184766791763917,2,0,low,0.40932619111199997,3.0,F
158,procurement,0,0.7184766791763917,2,0,medium,0.792824801313,3.0,F
114,management,1,0.669956390246,3,0,low,0.799262009826,6.0,M
202,engineering,0,0.645020355415,3,0,medium,0.594358449272,3.0,F
245,sales,0,0.727317093664,4,0,low,0.8687768514730001,2.0,M
264,support,0,0.7184766791763917,2,0,low,0.699239896039,3.0,F
204,support,0,0.7184766791763917,4,0,low,0.7466079475399999,2.0,M
215,sales,0,0.802749505594,5,0,low,0.658415207598,3.0,M
190,admin,0,0.690477045257,4,0,low,0.887185784972,3.0,F
252,sales,0,0.903984678185,3,0,low,0.709158354624,2.0,F
127,management,0,0.7184766791763917,2,0,medium,0.438003705933,3.0,M
255,support,0,0.917034035757,7,0,low,0.15051907103,4.0,F
144,engineering,0,0.675053773784,4,0,low,0.537567340528,4.0,M
249,engineering,0,0.921324770579,3,0,high,0.5375549548049999,3.0,F
256,support,0,0.96136019596,6,0,low,0.152973707126,4.0,M
170,engineering,0,0.7095475861399999,3,0,low,0.932131636928,3.0,F
264,engineering,1,0.786235053239,2,0,medium,0.780297629584,3.0,F
287,engineering,0,0.881968854418,6,0,low,0.0898496763533,4.0,F
224,engineering,0,0.48562590537699996,3,0,medium,0.893799094828,3.0,F
158,engineering,0,0.56968745269,3,0,medium,0.9554949668610001,4.0,F
184,product,1,0.7184766791763917,5,0,medium,0.961012665028,2.0,F
254,sales,1,0.938549315891,6,0,medium,0.167459220821,4.0,F
129,management,0,0.7184766791763917,2,0,low,0.48890713635099997,3.0,F
225,engineering,0,0.901764172043,6,0,low,0.714603025913,4.0,M
226,finance,1,1.0,5,0,low,0.256620116458,4.0,F
190,sales,0,0.629869433357,4,0,medium,0.6637207097510001,2.0,M
143,support,0,0.551732065299,4,0,low,0.955916227127,3.0,F
270,engineering,1,0.6293019081710001,3,0,high,1.0,4.0,F
198,procurement,0,0.39297403168000006,5,0,medium,0.434208786951,5.0,M
261,sales,0,1.0,4,0,medium,0.970078583329,4.0,F
221,engineering,0,0.579024156984,3,0,low,1.0,3.0,M
125,procurement,0,0.463301964162,3,0,low,0.837237032127,4.0,F
237,engineering,1,0.7890280804180001,3,0,low,0.439205829524,3.0,F
197,product,0,0.46719583853999996,3,0,medium,0.5574270948610001,3.0,F
247,finance,0,0.848929313828,4,0,high,0.673477243451,4.0,M
273,support,0,0.734583212356,3,0,low,0.5207281672,6.0,M
136,sales,0,0.42208887437,2,0,medium,0.454701804994,3.0,F
148,support,0,0.5002829868159999,2,0,low,0.431430661271,3.0,F
158,IT,0,0.488045168227,4,0,low,0.549955843528,2.0,F
253,product,1,0.951467271824,4,0,low,0.128262149307,5.0,M
250,engineering,0,0.883365176602,4,0,low,0.913673802582,3.0,F
285,sales,0,0.6459733938509999,3,0,low,1.0,6.0,F
223,sales,0,0.500671643037,4,0,low,1.0,2.0,M
167,engineering,0,1.0,3,0,low,0.629819181995,2.0,M
190,support,0,0.5106836751039999,2,0,low,0.478013054727,4.0,F
251,IT,0,0.950280354124,4,0,low,0.578012505523,2.0,F
151,support,1,0.950575447095,5,0,low,0.24311918409400002,3.0,M
230,admin,0,0.8535197348360001,3,1,medium,0.80353739796,3.0,F
186,sales,0,0.679567942965,3,0,medium,0.604182177314,3.0,M
267,support,0,0.8713520802320001,5,0,low,0.7868431494939999,6.0,M
258,sales,0,0.8270827811139999,4,1,medium,1.0,7.0,M
267,IT,0,0.461216360405,4,0,medium,0.5074370810050001,3.0,F
255,sales,0,0.955329239989,4,0,low,0.787524327705,6.0,M
234,support,0,0.756528006075,5,0,low,0.7311782007500001,3.0,F
264,finance,0,0.8676836804170001,5,0,high,0.6929980858370001,3.0,F
136,management,0,0.523151731295,2,0,low,0.41935032912299997,3.0,F
132,support,0,0.5056250974809999,6,0,medium,0.382358164986,2.0,F
286,sales,0,0.8744733436859999,7,0,low,0.109763160097,4.0,F
155,engineering,0,0.490070916168,2,0,medium,0.436849484285,3.0,M
158,marketing,0,0.8527257599429999,3,0,medium,0.940574079967,7.0,F
139,management,0,0.6450654800419999,3,0,high,0.578241983318,4.0,M
163,sales,0,0.506677796633,4,0,medium,0.5899000508519999,3.0,F
162,marketing,0,0.7184766791763917,5,0,high,0.7257007330259999,3.0,F
212,IT,0,0.678239761205,4,0,medium,0.895936812341,4.0,F
193,engineering,0,0.429440686793,4,0,medium,0.27158844687899997,4.0,F
129,marketing,0,0.585854978263,2,0,high,0.47984241903499997,3.0,F
256,product,0,0.7423740236319999,6,0,high,0.434329668619,4.0,F
247,sales,0,0.800369986646,5,0,low,0.846305960194,3.0,M
211,sales,0,0.985178143337,5,0,medium,0.65750055492,3.0,M
231,IT,0,0.877839550377,3,0,medium,0.857553813417,3.0,F
153,product,0,0.5578170410809999,2,0,low,0.33585786198299994,3.0,M
252,support,0,0.524591442275,3,0,medium,0.88530377954,2.0,M
240,finance,0,0.7538970213539999,4,0,low,1.0,4.0,F
148,sales,0,1.0,3,0,low,0.985029427469,4.0,F
213,IT,1,0.7848425443770001,3,0,medium,0.676006133607,3.0,M
182,sales,0,0.899903605263,3,0,low,0.52206076015,10.0,F
198,marketing,0,0.5675959570319999,3,0,low,0.754252628366,2.0,M
117,marketing,0,0.466025159257,4,1,medium,0.297046035035,10.0,F
150,support,0,0.575728912805,2,0,low,0.450502699809,3.0,F
248,management,0,0.6235867128329999,2,0,low,0.837065594243,6.0,F
156,sales,0,0.5585581771620001,2,0,medium,0.422215622811,3.0,F
163,engineering,0,0.626615263834,4,0,low,0.482940561971,2.0,F
261,engineering,0,0.94873837625,4,0,medium,0.80682504588,5.0,M
195,sales,0,0.903909402582,4,0,low,0.8712411163089999,3.0,M
239,IT,0,0.824230132923,4,0,low,0.776066076245,6.0,F
149,marketing,1,0.729535516972,3,0,medium,0.676609210251,3.0,F
240,IT,0,0.7077852505679999,3,0,low,0.560037266893,3.0,M
234,support,0,0.7184766791763917,4,0,low,0.551152427187,3.0,M
220,engineering,1,0.849530469727,3,0,high,0.898126128218,3.0,F
136,support,0,0.5036414491619999,2,0,medium,0.351784031918,3.0,F
138,engineering,1,0.663589950647,3,0,low,0.916486401046,4.0,F
215,sales,0,0.569628349485,4,0,low,0.621049266774,2.0,M
258,sales,0,0.7184766791763917,4,0,medium,0.460338502052,3.0,F
145,sales,0,0.867274028952,3,0,medium,0.6438759541210001,3.0,M
185,sales,0,0.632071960584,3,0,low,0.47576700567900004,3.0,M
245,sales,0,0.748369702983,4,0,low,0.722275228431,2.0,F
143,support,1,0.515950811929,3,0,low,0.7545675866670001,4.0,M
142,product,0,0.564768454008,2,0,medium,0.34975796428000006,3.0,M
251,marketing,0,0.94458149952,4,0,medium,0.82931737742,5.0,F
264,engineering,0,0.9635301427240001,5,0,medium,0.7430301160439999,5.0,M
170,sales,0,0.464677644243,5,0,low,0.841173843259,3.0,M
155,engineering,1,0.495675288735,3,0,medium,0.44717457019900003,2.0,M
169,support,0,0.791978768522,5,0,medium,0.199776867055,4.0,F
193,IT,0,0.710764907781,4,0,low,0.817062658183,4.0,F
200,sales,1,0.7184766791763917,3,0,medium,0.840119773646,2.0,F
172,sales,0,0.856689493467,4,0,medium,0.679528222289,3.0,F
100,support,0,0.5188030590899999,3,0,medium,0.160582076676,4.0,M
260,engineering,0,0.7291340648989999,5,0,medium,0.925468412264,6.0,F
245,engineering,1,0.7184766791763917,4,1,low,0.607095969211,3.0,M
222,support,0,0.759231918848,4,0,medium,0.8049804999519999,3.0,F
253,engineering,0,1.0,5,0,medium,0.908316121958,2.0,M
174,sales,0,0.601595368712,5,0,medium,0.162011723177,6.0,M
310,engineering,0,1.0,6,0,low,0.0732545637358,4.0,F
279,sales,0,0.901400714149,6,0,low,0.117136222028,4.0,M
200,sales,0,0.641865118225,2,0,medium,0.847778950464,3.0,F
153,support,0,0.817484012078,3,0,medium,0.7382355159139999,10.0,M
155,support,1,0.663489386085,4,0,low,0.489097293179,5.0,F
201,sales,0,0.7184766791763917,3,0,low,0.593309544441,2.0,F
177,sales,0,0.43725017996000004,2,0,medium,0.193726884931,6.0,M
156,sales,0,0.511889076436,2,0,medium,0.391132648002,3.0,F
238,IT,0,0.850040632575,3,0,medium,0.784580589061,3.0,F
253,support,0,0.7184766791763917,3,0,medium,0.48420345291199995,2.0,M
199,support,0,0.502410313292,3,0,medium,0.9239084364319999,2.0,M
279,engineering,0,0.7826886622879999,5,0,low,0.060914885769,4.0,F
160,finance,1,0.93867555156,5,0,medium,0.81344515022,4.0,M
122,IT,0,0.564304407117,2,0,low,0.8700504260809999,2.0,M
189,support,0,0.507088320389,5,0,medium,0.8152889737029999,2.0,M
128,sales,0,0.523759243727,2,0,low,0.449708451752,3.0,M
233,sales,0,0.7184766791763917,3,1,medium,0.47047703522600004,3.0,M
134,IT,0,0.7184766791763917,5,0,high,0.705559241012,3.0,M
237,sales,0,0.772249860422,2,0,medium,1.0,3.0,F
207,support,0,0.7184766791763917,4,0,low,0.617747829068,2.0,F
245,management,0,0.738777705765,4,0,medium,0.547567839893,3.0,M
243,sales,0,0.7184766791763917,3,0,medium,0.911121646727,2.0,M
184,sales,0,0.97472922927,4,0,medium,0.682036267951,7.0,M
179,sales,0,0.831341043515,5,0,low,0.623282682989,2.0,F
307,support,0,0.908472414692,5,0,low,0.164183209659,4.0,M
155,IT,0,0.73166117667,5,0,medium,0.849505954377,3.0,M
275,admin,0,0.7184766791763917,4,0,medium,0.6439798081,3.0,F
134,sales,0,0.7806028700409999,4,0,medium,0.6557486657020001,3.0,F
306,engineering,0,0.893635478724,6,0,low,0.166865513367,4.0,F
235,product,0,0.638484392404,5,0,low,0.614638176106,2.0,M
168,sales,0,0.890336796302,3,0,high,0.9337495470880001,2.0,F
248,engineering,0,0.7184766791763917,2,0,low,0.828901335176,3.0,F
228,IT,1,0.7513744768330001,4,0,medium,0.697835435367,2.0,M
125,engineering,0,0.9728439948950001,3,0,medium,0.834184826672,3.0,M
176,support,1,0.8036494821510001,4,0,medium,0.75560208883,4.0,M
154,support,1,0.883602937191,5,0,low,0.521000428971,2.0,F
128,engineering,0,0.4459263760600001,2,0,low,0.390516762416,3.0,M
202,support,0,0.5722902360540001,5,0,medium,0.658964724752,3.0,F
160,marketing,0,0.531852614577,4,0,medium,0.852591855272,3.0,M
286,sales,0,0.644382022649,6,0,low,0.544135035747,4.0,M
144,finance,0,0.45352361557800003,2,0,low,0.40814972229400004,3.0,M
158,support,0,0.811171561954,4,0,high,0.545868079848,3.0,M
144,IT,0,0.616719549616,2,0,high,0.9003869668889999,3.0,F
128,IT,0,0.562346318363,3,0,medium,0.668113648785,3.0,M
292,support,0,0.8695916538740001,6,0,low,0.0608519345836,4.0,M
229,IT,0,0.477810791625,4,0,high,0.641921713855,3.0,F
243,sales,0,0.774293130757,5,0,low,1.0,3.0,F
271,sales,0,0.5667014388399999,3,0,medium,0.8418408690729999,7.0,M
138,support,0,0.440180156628,2,0,low,0.42346994720200004,3.0,F
235,sales,0,0.9138121321680001,4,0,low,0.7823804774750001,5.0,F
153,support,0,0.51522737667,2,0,low,0.338423893669,3.0,M
183,engineering,1,0.7184766791763917,4,0,medium,0.692167549948,2.0,M
283,marketing,0,0.41789203380999995,5,0,low,0.626961574537,5.0,M
126,support,0,0.462934018324,2,0,medium,0.335780366489,3.0,M
178,sales,0,0.64254452361,3,1,low,0.5190358205560001,2.0,F
175,sales,0,0.563123391404,3,0,medium,0.900855968503,4.0,M
143,product,0,0.480749832627,2,0,medium,0.44866525677,3.0,F
230,sales,0,0.736159235789,5,0,medium,0.8288640396539999,2.0,M
106,support,1,0.378130765357,2,0,medium,0.39195653820500004,3.0,F
138,support,0,0.518514500299,2,0,low,0.490679096321,3.0,M
194,support,0,0.7184766791763917,2,0,low,0.5432776062160001,2.0,M
151,product,0,0.438951146312,2,0,low,0.389023210317,3.0,M
248,sales,0,0.760459571952,5,0,medium,0.521643986125,3.0,M
226,product,0,0.896388194269,4,0,medium,0.8281762571279999,5.0,M
253,sales,0,1.0,4,0,low,0.795731079075,5.0,F
155,management,0,1.0,4,0,low,0.851026948389,3.0,M
226,sales,0,0.519427110388,5,0,low,0.824262787607,4.0,F
150,IT,0,0.914286078955,6,0,medium,0.642483926869,5.0,F
165,sales,0,0.666883396749,5,0,medium,0.598666501663,2.0,F
196,support,0,0.982221593919,4,0,medium,0.620825555773,3.0,F
307,engineering,0,0.9640074824320001,6,0,low,0.07363474620589999,4.0,M
259,sales,0,0.627583189297,5,0,low,0.762133112325,3.0,M
309,support,0,0.8756074325059999,6,0,low,0.0870366401056,4.0,M
131,sales,0,0.480685782944,2,0,low,0.378230315297,3.0,M
141,sales,0,0.613424115057,3,0,medium,0.7360670310799999,2.0,F
145,sales,0,0.427873596949,2,0,medium,0.530302962559,3.0,M
271,sales,0,0.9546663502439999,2,0,low,0.574127025014,3.0,M
244,support,0,0.794210549334,4,0,medium,0.528973623868,2.0,M
222,IT,0,0.801847636137,3,0,medium,0.6965421572920001,3.0,M
214,engineering,0,0.8072781429770001,4,0,low,0.495612958863,2.0,F
294,engineering,0,0.7764478761939999,6,0,medium,0.164345410647,4.0,F
162,finance,0,1.0,5,0,low,0.914395272887,3.0,M
257,support,0,0.661232846693,3,0,low,0.747089539065,3.0,M
156,management,0,0.7209526768410001,3,0,medium,0.734933439146,8.0,F
239,finance,0,0.701162392996,4,0,low,0.46782559601400003,2.0,F
144,sales,0,0.728341327386,3,0,medium,0.597307685973,5.0,F
166,sales,0,0.690284589676,2,0,medium,0.607498247051,3.0,M
216,engineering,0,1.0,4,0,low,0.7535775984399999,6.0,F
310,engineering,0,0.751049694948,6,0,medium,0.0637362313951,4.0,M
249,product,0,0.6816182472300001,6,0,medium,0.520230539367,5.0,M
193,engineering,0,0.734098880528,3,0,medium,1.0,3.0,F
229,engineering,0,0.95494890653,4,0,medium,1.0,2.0,F
167,support,0,0.367433545955,3,0,low,0.329448996782,10.0,F
196,finance,0,0.7184766791763917,4,0,medium,0.9276687566299999,2.0,F
168,engineering,0,0.877014803793,3,1,medium,0.850018559866,3.0,F
201,support,0,0.769414906039,3,0,low,0.926575538011,3.0,F
210,marketing,1,0.5307644900399999,3,0,medium,0.870292943327,4.0,M
259,marketing,0,0.590588565809,4,0,low,0.827743508232,3.0,M
168,product,0,0.517706428066,4,0,medium,0.566821728261,3.0,F
209,IT,0,0.8159266979199999,4,0,medium,0.793123548672,4.0,M
198,engineering,0,0.926780154083,5,0,low,0.875852401914,3.0,M
252,sales,0,0.680653610465,3,0,low,0.625211222667,3.0,F
142,support,0,0.584749377621,2,0,low,0.440799281329,3.0,M
137,IT,0,0.931554479876,4,0,medium,0.771245542398,3.0,M
155,engineering,0,0.42418305220200003,5,0,medium,0.39273576465300003,3.0,M
166,sales,0,0.775628952367,2,0,medium,0.602929277781,3.0,M
127,engineering,0,0.46354870069799997,2,0,low,0.419821063088,3.0,M
162,IT,0,0.490633237552,3,0,medium,0.775681921573,2.0,M
251,finance,1,0.931572036532,3,0,medium,0.548175475724,3.0,M
198,engineering,0,0.959138288451,3,0,medium,0.75277393121,2.0,M
257,support,0,0.7184766791763917,3,0,medium,0.9449415812999999,3.0,M
188,engineering,0,0.516563561108,3,0,high,0.555817482834,3.0,F
270,engineering,0,0.65073929242,5,0,high,0.639272411101,3.0,M
173,sales,0,0.7184766791763917,3,0,low,0.8109185339309999,2.0,F
184,admin,0,0.645413757297,3,0,high,0.8964862727700001,5.0,F
176,sales,0,0.7184766791763917,4,0,low,0.8638741065950001,3.0,M
111,management,0,0.768536635765,5,0,high,0.8789822611020001,4.0,F
143,engineering,0,0.840231929791,5,0,medium,0.9654427736929999,3.0,M
235,engineering,1,0.565527869146,3,0,low,0.853160055499,2.0,F
250,marketing,0,0.958998877683,3,0,low,0.743930439895,3.0,M
128,engineering,1,0.402942069221,5,0,medium,0.367436274737,4.0,F
282,marketing,0,0.6767449940320001,2,0,low,0.35616154063600003,5.0,F
98,sales,0,0.46401020183499997,4,0,low,0.7932788900319999,2.0,M
163,support,0,0.941488629845,3,0,medium,0.9872510336139999,3.0,F
199,sales,0,0.5868078582940001,4,0,low,0.9986109199519999,3.0,M
237,support,0,0.774170064318,6,0,high,0.337205009029,5.0,M
133,support,0,0.7184766791763917,4,0,low,0.641670907151,3.0,F
105,sales,0,0.633860174774,2,0,medium,1.0,2.0,M
141,support,0,0.848822395324,3,0,medium,0.7105228448890001,3.0,F
172,product,0,0.7005164834559999,5,0,low,0.7868537566699999,2.0,F
278,engineering,0,0.533266090297,7,0,low,0.25106343821800003,3.0,F
185,support,0,0.502831128524,3,0,low,0.622802413895,3.0,M
226,engineering,0,0.868289096178,4,0,low,0.634555887946,2.0,F
169,marketing,1,0.668626815254,2,0,medium,0.848319456914,3.0,F
283,support,0,0.8131917571580001,6,0,medium,0.07903878838469999,5.0,F
260,sales,1,0.591229718304,4,0,low,0.7061650417049999,2.0,F
307,IT,0,0.905708144369,7,0,low,0.12527521665,4.0,F
247,admin,0,0.838862127954,6,0,medium,0.0915773795665,4.0,M
176,support,0,0.523510104331,4,0,high,0.9014337080439999,4.0,F
166,sales,1,0.90713670588,4,0,low,0.856138945194,2.0,M
260,support,0,0.9806173144020001,2,0,medium,0.876729103289,3.0,M
163,sales,0,0.703647496922,3,0,medium,1.0,3.0,F
129,engineering,0,0.5589438980420001,2,0,medium,0.46945061804399996,3.0,M
252,product,0,0.980008607237,3,0,high,0.6730610714480001,2.0,F
162,sales,1,0.6762066643719999,2,0,high,0.5300932298309999,3.0,M
176,engineering,0,0.521839248523,4,0,medium,0.611352295837,2.0,F
227,sales,0,0.6799026921870001,4,0,low,0.765462663997,3.0,F
226,sales,0,0.659447945118,3,0,low,0.693730394341,3.0,F
144,sales,0,0.7184766791763917,2,0,medium,0.8786255822660001,3.0,F
224,support,0,0.932733271161,3,0,medium,0.6961772856890001,3.0,M
155,product,0,0.502897594784,3,0,medium,0.309805739078,10.0,F
132,product,0,0.7184766791763917,4,0,high,0.556841512407,3.0,F
243,IT,0,0.692204369242,4,0,low,0.630332434827,3.0,F
154,product,0,0.7184766791763917,3,0,medium,0.9117512044580001,2.0,M
196,IT,1,0.7184766791763917,4,0,low,0.187656390489,3.0,F
150,support,0,0.440578206889,2,0,medium,0.37429748407200003,3.0,F
172,sales,0,0.826730644932,3,0,low,0.563022964757,2.0,M
243,IT,0,0.838729753566,5,0,low,0.887896108967,5.0,F
197,procurement,0,0.7184766791763917,4,0,low,0.71590951065,2.0,F
187,engineering,0,0.624575958161,4,0,low,0.8270402746259999,2.0,M
223,sales,0,0.987908695025,3,0,high,0.8973326930679999,4.0,F
148,support,0,0.529040577559,2,0,low,0.357893911575,3.0,F
183,engineering,0,0.9568654608600001,3,0,low,0.949068561679,2.0,M
264,IT,0,0.556258857306,3,0,medium,0.927923576234,3.0,F
134,engineering,0,0.6711284717649999,4,0,medium,0.864747938589,2.0,F
178,engineering,0,0.6543384835980001,3,0,medium,0.573679672524,4.0,M
164,sales,0,0.9577137796590001,4,0,medium,0.614701981928,4.0,F
146,sales,0,0.878831817324,5,0,low,0.606485192584,3.0,M
257,marketing,0,0.91064823975,5,0,medium,0.637795791568,3.0,F
241,engineering,1,0.8492678201360001,4,0,low,0.59790783116,3.0,F
255,sales,0,0.38689305859800005,2,0,medium,0.624876933643,3.0,M
241,IT,0,0.7721149128370001,4,0,medium,0.712532173663,4.0,F
147,support,1,0.50712071485,3,0,high,0.929159983082,4.0,M
156,sales,0,0.726135563142,5,0,low,0.9168143877600001,3.0,F
216,support,1,0.546010005142,4,0,medium,0.612437257846,2.0,F
239,sales,0,0.5631879028419999,4,0,low,0.551772917656,3.0,M
150,IT,0,0.544816960957,4,0,medium,0.9844318341760001,2.0,F
137,engineering,0,0.7184766791763917,2,0,low,0.36739795343000003,3.0,M
257,sales,1,0.562921618243,2,0,medium,0.784854433088,4.0,F
132,engineering,0,0.50023593138,2,0,low,0.314799842757,3.0,F
282,engineering,0,0.830166459771,7,0,low,0.137861827489,5.0,F
224,sales,0,0.8316792083140001,3,0,low,0.773316463169,2.0,F
239,sales,0,0.874843704217,4,0,low,0.770682620882,5.0,M
259,IT,0,0.915453877404,5,0,medium,0.748143606438,2.0,F
154,support,0,0.594948777684,5,0,low,0.911103012049,3.0,F
232,sales,0,0.703558888724,3,0,low,0.25788332040899997,3.0,F
167,sales,0,0.8136879211929999,3,0,medium,0.769913999358,3.0,M
143,engineering,0,0.562405440041,2,0,medium,0.420524814148,3.0,M
142,IT,0,0.523118087724,5,0,medium,0.437317636272,4.0,F
235,management,0,0.983992919323,3,0,medium,0.5492608140899999,2.0,F
181,product,0,0.580843154351,3,0,medium,0.467260525957,3.0,M
239,sales,1,0.47773039207199997,2,0,medium,0.455565060665,3.0,M
145,support,0,0.5989395586890001,3,0,low,0.814345219503,2.0,F
259,engineering,0,0.7184766791763917,5,0,medium,0.81671968103,2.0,M
188,sales,0,0.793728259984,3,0,medium,0.816925417102,4.0,F
267,sales,1,0.992920471673,3,0,medium,0.531883922108,3.0,F
178,sales,0,0.451459314205,4,0,low,0.886840207514,2.0,F
308,IT,0,0.881845864692,7,0,medium,0.101266824158,4.0,F
200,marketing,0,0.814176798004,4,0,low,0.8964387076520001,2.0,F
219,engineering,0,0.883061963737,3,0,medium,0.680833964701,3.0,F
153,support,0,0.825367510307,3,0,medium,0.667594102566,10.0,M
150,engineering,0,0.5628067762919999,4,0,low,0.653074712096,4.0,F
222,support,0,0.988393372019,5,0,high,0.7184804911730001,2.0,M
237,engineering,0,0.8974513887309999,4,0,low,0.8129571066619999,2.0,M
172,product,0,0.709603492552,4,0,medium,0.9030260685079999,3.0,M
221,product,0,0.784560910043,2,0,low,0.75951315618,3.0,F
250,product,0,0.8597006453939999,7,0,low,0.164722720031,4.0,F
175,support,0,0.8828851460789999,4,0,low,0.569623091924,3.0,M
210,support,0,0.6828426145630001,4,0,low,0.322899597747,3.0,F
214,product,0,0.7184766791763917,3,0,medium,0.951175460565,2.0,M
190,sales,0,0.602381292391,4,0,medium,0.632802792849,2.0,F
201,support,1,0.7184766791763917,3,0,high,0.5210028273990001,2.0,F
186,support,0,0.386112723162,4,0,medium,0.375769493455,3.0,F
144,support,0,0.6661754995120001,3,0,low,0.292662807137,2.0,M
170,engineering,0,0.7184766791763917,3,0,low,0.694970819306,3.0,F
184,marketing,1,0.9128548759909999,4,0,medium,0.589506230946,2.0,F
210,management,0,0.49131860081699996,5,0,high,0.875311116467,3.0,M
172,marketing,0,0.6788657819249999,3,1,high,0.306026362284,10.0,M
163,finance,0,0.5698811127210001,3,0,low,0.580497680712,4.0,M
257,engineering,0,0.9300993880089999,7,0,low,0.159699360471,4.0,F
285,finance,0,0.754972925026,6,0,medium,0.09041508203479999,4.0,F
130,sales,1,0.565241400055,2,0,medium,0.356062744988,3.0,F
124,sales,0,0.65599125518,4,0,medium,0.435604532063,2.0,M
231,sales,0,0.8629871740459999,3,0,low,0.788032849681,3.0,M
137,support,1,0.9123111579880001,5,0,low,0.981084274839,2.0,F
190,sales,0,0.796707777772,4,0,low,0.256945966523,5.0,F
144,sales,1,0.7184766791763917,3,0,low,0.5175754079680001,3.0,F
171,product,0,0.680374738081,4,0,medium,0.6999681926100001,3.0,F
194,engineering,0,0.745026354479,4,0,low,0.64216663248,2.0,M
229,engineering,1,0.61659014663,4,0,medium,1.0,2.0,F
186,sales,0,0.761194197045,4,0,medium,0.551431501533,2.0,M
234,marketing,1,0.7184766791763917,3,0,low,0.853206341813,3.0,F
254,sales,0,0.851848727313,5,0,high,0.947757519324,5.0,F
159,sales,0,0.41181395018,2,0,medium,0.37923989761200005,3.0,M
154,finance,0,0.7184766791763917,2,0,medium,0.449008642124,3.0,F
252,IT,1,0.7184766791763917,4,0,medium,0.642604354269,3.0,M
231,engineering,0,0.792362069528,3,0,low,0.995054822104,3.0,F
200,support,0,0.7184766791763917,3,0,low,0.08580821486019999,3.0,F
196,support,0,0.641359139609,5,0,medium,0.515014207413,3.0,F
272,sales,0,0.593384190411,3,0,medium,0.953415394526,3.0,M
160,engineering,0,0.592516581352,2,0,medium,0.408829851203,3.0,F
202,sales,0,0.967285857613,3,0,medium,0.987193000397,2.0,M
227,support,0,0.9524827711570001,5,0,medium,0.8818468741779999,5.0,F
247,IT,0,0.921992653089,4,0,low,0.950571176361,3.0,M
143,product,1,0.604406013188,4,0,low,0.999153112394,3.0,M
242,support,0,0.849010133688,5,0,medium,0.7882984372290001,5.0,F
152,support,0,0.824849331916,6,0,low,0.19700077923300002,2.0,F
290,IT,0,0.934405853797,6,0,medium,0.077711809142,4.0,F
232,engineering,0,0.911595425372,4,0,medium,0.8053676973,5.0,M
210,sales,0,0.736896273696,2,0,medium,0.685203857814,2.0,M
207,IT,1,0.47796476614100003,4,0,medium,0.6242768448899999,2.0,M
259,IT,0,0.49295187547799996,3,0,medium,0.879586243042,6.0,M
169,marketing,0,0.6605942621859999,5,0,medium,0.6857462708490001,2.0,F
223,finance,0,0.860153559092,4,0,medium,0.599608500209,3.0,F
257,engineering,0,0.391113348987,3,0,medium,0.584182880421,3.0,F
197,marketing,0,0.800068700085,4,0,low,0.8751230278450001,3.0,M
151,engineering,0,0.7280559858110001,4,0,low,0.89460776552,2.0,M
257,sales,0,0.896671444433,4,0,low,0.556596944856,3.0,F
150,product,1,0.640877592576,3,0,medium,0.764289723175,3.0,M
263,sales,1,0.7184766791763917,4,0,medium,0.9638738819249999,2.0,F
208,support,0,0.8295236790899999,4,0,medium,0.738176949558,2.0,F
146,engineering,0,0.956929622835,4,0,low,0.660197164282,10.0,F
213,support,0,0.886952015502,3,0,low,0.6806842598289999,2.0,M
251,sales,0,0.877021700691,3,0,medium,0.638420027792,10.0,F
212,product,0,0.6753514807909999,3,0,low,0.5571639404909999,8.0,M
247,sales,0,0.760917563717,6,0,low,0.110167591436,4.0,M
210,sales,0,0.585890818612,4,0,low,0.624688337484,3.0,F
271,sales,0,0.6049681070699999,3,0,low,0.89358807396,2.0,F
275,support,0,0.8403830773980001,5,0,low,0.8192472700200001,5.0,F
282,support,0,0.894306004562,6,0,low,0.120794198078,4.0,F
156,support,0,0.7184766791763917,4,0,low,0.6750908648080001,3.0,M
247,sales,0,0.6913916415320001,4,0,low,0.7526541917149999,2.0,M
168,engineering,0,0.7184766791763917,6,0,high,0.789080693539,2.0,M
227,sales,0,0.7184766791763917,4,0,low,0.44151307875100004,3.0,F
225,finance,0,0.8861404240090001,6,0,low,0.688777895731,6.0,M
160,sales,0,0.420976221907,2,1,low,0.375963442725,3.0,M
171,support,1,0.9176218489069999,6,0,low,0.607253415646,3.0,M
159,sales,0,0.597302609546,2,0,medium,0.417487239044,3.0,F
251,sales,0,0.8559260082369999,3,0,medium,0.803637398036,3.0,F
108,sales,0,0.7493831702420001,4,0,medium,0.27590743003400003,10.0,M
264,support,0,0.8967900887729999,4,0,medium,0.8150854763840001,5.0,M
182,engineering,0,0.594770170629,3,0,medium,0.5740479376250001,3.0,M
284,sales,0,0.789448485036,3,0,low,0.517512708936,10.0,F
259,support,0,0.9196724585330001,3,0,low,1.0,2.0,F
135,sales,0,0.7184766791763917,3,0,high,0.466672343842,3.0,M
176,engineering,1,0.943794977244,4,0,low,0.687706650141,2.0,F
265,IT,0,0.8130922054880001,4,0,medium,0.597254090374,2.0,F
263,engineering,1,0.611552356845,4,1,medium,0.7397675725499999,2.0,M
271,IT,0,0.953521098874,4,0,medium,0.946639104956,5.0,M
195,sales,0,0.863238129568,4,0,medium,0.623532701308,3.0,F
142,support,0,0.867658952463,4,0,low,0.73839886492,2.0,F
242,support,0,0.882832574879,5,0,high,0.770209384636,3.0,M
258,sales,0,0.611587651004,4,0,medium,0.532500303429,3.0,M
150,sales,0,0.760140193826,5,0,low,0.770856908443,3.0,M
214,IT,1,0.7184766791763917,3,0,low,0.900903913766,2.0,M
283,IT,0,0.916500066763,6,0,low,0.08895101368180001,5.0,M
151,finance,0,0.868961778792,3,0,medium,0.6086187158690001,2.0,M
183,support,0,0.417588111311,4,0,medium,0.9057037666840001,5.0,M
142,IT,0,0.7016761644130001,5,0,medium,1.0,4.0,M
189,sales,0,0.9461059839129999,4,1,medium,0.824211180501,3.0,M
134,product,0,0.7184766791763917,2,0,low,0.571631206798,3.0,F
265,support,0,0.7184766791763917,5,0,low,0.56515531711,3.0,M
155,product,0,0.985608887238,6,0,medium,0.882984578728,5.0,M
300,marketing,0,0.7883618083230001,6,0,medium,0.064478759126,4.0,F
222,sales,0,0.7092773022390001,4,0,medium,0.757424287982,4.0,M
266,sales,1,0.795066233291,6,0,medium,0.165306665074,4.0,M
154,sales,0,0.59011425267,2,0,low,0.37477445614,3.0,M
214,IT,0,0.923084927607,3,0,medium,0.6123451056329999,2.0,F
127,admin,0,0.5454381677669999,2,0,medium,0.327286287357,3.0,F
170,management,0,0.941016974182,4,0,medium,0.7315775443520001,4.0,M
225,engineering,0,0.697197686702,3,0,low,0.667787510902,3.0,M
261,engineering,0,0.916155112005,4,0,low,0.189899177911,6.0,M
223,IT,0,0.5715598323100001,3,0,low,0.939298959949,3.0,F
242,sales,0,0.975061257706,5,0,low,0.84521476558,5.0,F
247,finance,0,0.772142234258,5,0,medium,0.542417065235,3.0,M
279,IT,1,0.702352244869,4,0,medium,0.244350234386,5.0,M
176,product,1,0.933054953689,3,0,medium,0.689546550635,2.0,M
148,admin,0,0.602961535707,4,0,low,0.651935225893,3.0,M
130,support,0,0.548986834363,2,0,medium,0.422146283474,3.0,M
233,support,0,0.967529340893,5,0,medium,0.863761500315,6.0,F
113,engineering,0,0.83042968205,5,0,medium,0.47949778132200005,3.0,F
149,support,0,0.584592242602,3,0,medium,0.679513247905,2.0,M
241,sales,0,0.490518203503,5,0,medium,0.63400642063,8.0,M
152,engineering,0,0.553168898825,2,0,medium,0.347079684176,3.0,F
243,support,0,0.689462929301,5,0,medium,0.638389186005,2.0,F
214,finance,0,0.9346983764460001,3,0,low,0.529986340622,3.0,F
164,engineering,0,0.530528777127,3,0,medium,0.900553284887,3.0,M
226,engineering,1,0.8673058817020001,4,0,medium,0.9682137283319999,6.0,F
217,marketing,0,0.6111228167580001,4,0,high,0.608354865681,3.0,F
149,engineering,0,0.761906145259,4,0,medium,0.718188716915,3.0,M
303,sales,0,0.8756991075839999,6,0,low,0.121832572305,5.0,M
146,sales,0,0.452115647852,2,0,medium,0.40204616215800004,3.0,F
216,sales,0,0.512870279804,5,0,low,0.807773121718,3.0,M
274,sales,0,0.574151134821,2,0,low,0.7325053366390001,4.0,M
275,product,0,0.729917297726,5,0,medium,0.0695843057444,4.0,M
157,support,0,0.543554830074,3,0,medium,0.7049359009399999,2.0,F
142,support,0,0.7184766791763917,4,0,low,0.7553179559819999,2.0,F
187,engineering,0,0.5347932957329999,5,0,high,0.717849041621,4.0,M
216,sales,1,1.0,3,0,low,1.0,3.0,F
153,IT,1,0.720139998884,4,0,medium,0.896237898584,2.0,M
263,sales,0,0.5690453355139999,3,0,low,0.794022571919,3.0,M
238,sales,0,0.542282377258,4,0,high,0.805572044706,2.0,F
195,marketing,0,0.7184766791763917,3,0,medium,0.858671409262,2.0,M
175,management,0,0.8545380537739999,4,0,medium,0.9344650952369999,3.0,M
220,sales,1,0.9384733320640001,6,0,low,0.258498869809,4.0,F
230,finance,1,0.767361347479,3,0,medium,0.801723265423,4.0,M
132,engineering,1,0.358520955626,5,1,low,0.5095221846060001,6.0,M
206,IT,0,0.6977907338089999,4,0,low,0.8925948865200001,3.0,M
205,engineering,0,0.777975941621,3,0,medium,1.0,2.0,F
151,support,0,0.7184766791763917,2,0,low,0.333598253556,3.0,M
240,sales,0,0.854575994826,3,0,medium,0.913736561451,7.0,M
270,product,0,0.661032843902,5,0,medium,0.6769405333859999,3.0,F
257,sales,0,0.9475726077869999,3,1,medium,0.962468911875,3.0,M
212,engineering,0,0.906559203779,5,0,low,0.755973674797,5.0,M
254,sales,0,0.90677247464,5,0,low,0.768442077436,6.0,M
201,support,0,0.556451576274,4,0,low,0.48130273552,4.0,F
241,support,0,0.41088937575400003,4,0,medium,0.8509927460179999,6.0,F
150,engineering,0,0.71575022489,3,0,medium,0.26791521729,2.0,F
144,sales,0,0.560966061672,2,0,low,0.479778047546,3.0,F
175,sales,0,0.398884586319,3,0,medium,0.507510723599,3.0,F
254,sales,0,1.0,5,0,low,0.78719655796,5.0,F
180,management,0,0.642514307139,3,0,high,0.7471159796250001,3.0,F
105,support,1,0.525494101718,4,0,low,0.447548046042,5.0,M
130,finance,0,0.419646110437,2,0,low,0.386689205274,3.0,F
195,sales,0,0.711928189121,6,0,medium,0.10807078304000002,2.0,F
174,sales,0,0.977468277561,2,0,low,0.7893616203720001,3.0,F
159,sales,0,0.711911838197,4,0,low,0.668489418464,2.0,F
156,sales,0,0.41995637076399994,2,0,low,0.386450501602,3.0,F
